City_ID,City,Country,Lat,Lng,Max Temp,Humidity,Cloudiness,Wind Speed,Current Description
0,Haines Junction,CA,60.7522,-137.5108,19.35,73,100,0.0,overcast clouds
1,Lobito,AO,-12.3481,13.5456,77.07,81,82,3.44,broken clouds
2,Bredasdorp,ZA,-34.5322,20.0403,67.32,77,92,12.66,overcast clouds
3,Muros,ES,42.7762,-9.0603,55.83,73,9,18.28,clear sky
4,Albany,US,42.6001,-73.9662,26.31,53,100,1.01,overcast clouds
5,Saskylakh,RU,71.9167,114.0833,-16.6,86,26,3.22,scattered clouds
6,Segezha,RU,63.7415,34.3222,28.9,95,100,14.81,light snow
7,Yellowknife,CA,62.456,-114.3525,-10.59,67,20,4.61,few clouds
8,Usatove,UA,46.533,30.6596,26.82,93,93,0.0,overcast clouds
9,Aitape,PG,-3.1374,142.3475,77.36,89,100,4.45,overcast clouds
10,Gornyy,RU,55.1153,83.9059,19.47,94,100,14.65,light snow
11,Ushuaia,AR,-54.8,-68.3,40.66,81,75,37.98,light rain
12,Hermanus,ZA,-34.4187,19.2345,73.9,83,26,16.22,scattered clouds
13,Muzhi,RU,65.3667,64.6667,-16.24,100,98,0.07,overcast clouds
14,Dikson,RU,73.5069,80.5464,-4.09,87,100,25.34,overcast clouds
15,Komsomolskiy,UZ,40.4272,71.7189,38.12,87,75,4.61,mist
16,Bluff,NZ,-46.6,168.3333,51.8,87,9,6.11,clear sky
17,Tasiilaq,GL,65.6145,-37.6368,19.56,71,100,9.89,overcast clouds
18,Puerto Ayora,EC,-0.7393,-90.3518,80.56,88,87,5.01,overcast clouds
19,Druskininkai,LT,54.0167,23.9667,32.31,66,80,10.96,broken clouds
20,Avarua,CK,-21.2078,-159.775,82.45,74,20,2.3,few clouds
21,Mahanoro,MG,-19.9,48.8,76.51,89,39,6.46,light rain
22,Zubtsov,RU,56.1753,34.5894,24.57,82,100,12.39,overcast clouds
23,Ygatimi,PY,-24.0833,-55.5,98.31,24,53,6.55,broken clouds
24,Vardo,NO,70.3705,31.1107,26.58,59,75,25.32,broken clouds
25,Svetlyy,RU,54.675,20.1347,35.65,73,100,16.53,overcast clouds
26,Cabo San Lucas,MX,22.8909,-109.9124,85.3,56,75,8.05,broken clouds
27,Clyde River,CA,70.4692,-68.5914,-23.57,69,75,16.11,broken clouds
28,Cidreira,BR,-30.1811,-50.2056,70.32,91,100,7.7,overcast clouds
29,Saint-Joseph,RE,-21.3667,55.6167,79.18,84,16,8.88,few clouds
30,Castro,BR,-24.7911,-50.0119,81.64,52,6,2.91,clear sky
31,Tuktoyaktuk,CA,69.4541,-133.0374,-32.8,68,75,3.44,broken clouds
32,Jumla,NP,29.2747,82.1838,29.03,76,1,6.62,clear sky
33,Port Alfred,ZA,-33.5906,26.891,72.9,84,96,10.2,overcast clouds
34,Deniliquin,AU,-35.5333,144.9667,75.0,42,38,7.61,scattered clouds
35,Samfya,ZM,-11.3649,29.5565,65.08,93,100,4.18,overcast clouds
36,Hwange,ZW,-18.3693,26.5019,70.63,70,2,1.03,clear sky
37,Turukhansk,RU,65.8167,87.9833,-7.42,88,17,11.41,few clouds
38,Faanui,PF,-16.4833,-151.75,80.82,74,100,15.28,light rain
39,Rikitea,PF,-23.1203,-134.9692,78.26,72,76,12.1,light rain
40,Ondjiva,AO,-17.0667,15.7333,68.72,86,100,3.91,light rain
41,Busselton,AU,-33.65,115.3333,63.05,75,0,11.5,clear sky
42,Porosozero,RU,62.7191,32.727,27.86,95,100,12.71,snow
43,Yulara,AU,-25.2406,130.9889,66.04,42,3,9.22,clear sky
44,Misawa,JP,40.6836,141.3597,18.14,85,22,8.23,few clouds
45,Mahebourg,MU,-20.4081,57.7,81.25,89,40,8.05,scattered clouds
46,Pevek,RU,69.7008,170.3133,-17.43,98,100,8.88,overcast clouds
47,Klaksvik,FO,62.2266,-6.589,32.92,66,100,30.33,overcast clouds
48,Sorland,NO,67.667,12.6934,33.66,59,100,25.84,light snow
49,Jamestown,US,42.097,-79.2353,22.32,39,100,3.0,overcast clouds
50,Nikolskoye,RU,59.7035,30.7861,32.88,89,100,12.95,light snow
51,Sandwick,GB,60.0,-1.25,39.02,93,75,5.75,broken clouds
52,Saint-Philippe,RE,-21.3585,55.7679,80.19,85,34,7.47,scattered clouds
53,Krutikha,RU,53.9599,81.2093,23.11,92,99,14.29,overcast clouds
54,Lata,PT,40.1629,-8.3327,53.82,97,54,5.64,broken clouds
55,Longyearbyen,SJ,78.2186,15.6401,15.64,86,75,3.44,light snow
56,Saint-Augustin,CA,51.226,-58.6502,1.92,75,1,11.39,clear sky
57,Mahemdavad,IN,22.8333,72.7667,62.85,27,0,7.43,clear sky
58,Talcahuano,CL,-36.7167,-73.1167,64.08,72,40,17.27,scattered clouds
59,Mataura,NZ,-46.1927,168.8643,51.48,97,27,2.95,scattered clouds
60,Cape Town,ZA,-33.9258,18.4232,69.12,83,20,23.02,few clouds
61,Kodiak,US,57.79,-152.4072,36.91,70,0,0.0,clear sky
62,Esperance,AU,-33.8667,121.9,61.59,74,0,10.65,clear sky
63,Chino Valley,US,34.7575,-112.4538,71.01,12,0,4.61,clear sky
64,Khatanga,RU,71.9667,102.5,-24.38,93,83,2.77,broken clouds
65,Bethel,US,41.3712,-73.414,31.19,69,100,9.22,overcast clouds
66,Lebu,CL,-37.6167,-73.65,65.7,72,84,11.63,broken clouds
67,Port-Gentil,GA,-0.7193,8.7815,76.96,94,75,1.14,broken clouds
68,Nador,MA,35.174,-2.9287,53.85,76,0,2.3,clear sky
69,Sobreira,PT,41.5237,-7.8023,46.6,92,92,9.71,overcast clouds
70,Laguna,US,38.421,-121.4238,80.44,42,0,4.61,clear sky
71,Luderitz,NA,-26.6481,15.1594,75.22,62,0,12.1,clear sky
72,Chake Chake,TZ,-5.2459,39.7666,77.67,81,64,8.03,broken clouds
73,Vila Franca Do Campo,PT,37.7167,-25.4333,61.2,74,2,5.32,clear sky
74,Carballo,ES,43.213,-8.691,51.76,91,32,8.3,scattered clouds
75,Talnakh,RU,69.4865,88.3972,-7.26,70,17,9.15,few clouds
76,Kapaa,US,22.0752,-159.319,77.11,70,40,13.8,scattered clouds
77,Jiwani,PK,25.05,61.7417,71.46,68,98,5.99,overcast clouds
78,Langham,CA,52.3668,-106.9679,26.02,92,77,11.83,light snow
79,Alofi,NU,-19.0595,-169.9187,82.29,74,40,10.36,scattered clouds
80,East London,ZA,-33.0153,27.9116,73.54,82,71,8.32,broken clouds
81,Qaanaaq,GL,77.484,-69.3632,-7.82,89,100,2.95,overcast clouds
82,Biak,ID,-0.9131,122.8766,75.24,85,100,4.79,overcast clouds
83,Saint George,US,37.1041,-113.5841,70.54,17,0,1.99,clear sky
84,Kavaratti,IN,10.5669,72.642,80.55,72,66,5.06,broken clouds
85,Vaini,TO,-21.2,-175.2,80.62,76,77,18.43,light rain
86,Ercis,TR,39.0287,43.3586,17.2,68,100,4.83,overcast clouds
87,Mayumba,GA,-3.432,10.6554,78.31,87,100,4.65,light rain
88,Port Blair,IN,11.6667,92.75,73.44,78,20,2.3,mist
89,Hilo,US,19.7297,-155.09,77.25,75,75,8.05,broken clouds
90,Kalangala,UG,-0.3089,32.225,72.75,69,90,9.37,overcast clouds
91,Haimen,CN,23.1935,116.6142,55.29,91,100,8.03,light rain
92,Christchurch,NZ,-43.5333,172.6333,57.9,89,75,8.05,broken clouds
93,Zhicheng,CN,30.2956,111.5047,40.42,92,40,2.39,scattered clouds
94,Kirakira,SB,-10.4544,161.9205,79.48,84,97,8.48,moderate rain
95,Hobart,AU,-42.8794,147.3294,60.66,82,75,10.36,broken clouds
96,Ancud,CL,-41.8697,-73.8203,79.23,72,24,6.06,few clouds
97,Steamboat Springs,US,40.485,-106.8317,42.3,39,0,11.5,clear sky
98,Guanica,PR,17.9716,-66.908,84.51,62,9,8.99,clear sky
99,Upernavik,GL,72.7868,-56.1549,-6.79,96,100,14.14,overcast clouds
100,Waddan,LY,29.1614,16.139,55.78,39,0,10.51,clear sky
101,Emerald,AU,-23.5333,148.1667,69.94,83,0,5.75,clear sky
102,Sompeta,IN,18.9333,84.6,65.39,53,31,4.23,scattered clouds
103,Nortelandia,BR,-14.4547,-56.8028,80.17,84,100,1.81,heavy intensity rain
104,Spearfish,US,44.4908,-103.8594,56.01,28,70,20.71,broken clouds
105,Atuona,PF,-9.8,-139.0333,77.54,79,24,14.74,light rain
106,Kruisfontein,ZA,-34.0033,24.7314,65.23,91,16,7.49,few clouds
107,Kagoro,NG,9.6,8.3833,75.06,15,17,5.59,few clouds
108,Punta Arenas,CL,-53.15,-70.9167,50.11,50,40,31.07,scattered clouds
109,Ilulissat,GL,69.2167,-51.1,24.82,54,100,19.57,overcast clouds
110,Alyangula,AU,-13.8483,136.4192,73.27,100,36,2.3,scattered clouds
111,Pangkalanbuun,ID,-2.6833,111.6167,74.68,96,100,2.15,overcast clouds
112,Port Elizabeth,ZA,-33.918,25.5701,70.09,78,0,11.5,clear sky
113,Bol,TD,13.4586,14.7147,76.98,41,2,8.5,clear sky
114,Namibe,AO,-15.1961,12.1522,75.52,80,100,3.24,overcast clouds
115,Sambava,MG,-14.2667,50.1667,76.73,86,49,3.51,moderate rain
116,Aswan,EG,24.0934,32.907,67.3,24,0,10.36,clear sky
117,Mezen,RU,65.8522,44.24,-0.36,99,69,4.29,broken clouds
118,Hithadhoo,MV,-0.6,73.0833,82.15,75,67,9.46,broken clouds
119,Mehamn,NO,71.0357,27.8492,21.38,93,100,16.24,overcast clouds
120,Kaitangata,NZ,-46.2817,169.8464,50.0,86,16,2.86,few clouds
121,Cap-Aux-Meules,CA,47.3821,-61.8597,15.85,73,75,16.11,broken clouds
122,Sterling,US,39.0062,-77.4286,35.69,75,100,11.99,snow
123,Salamanca,ES,40.8333,-6.0,43.99,90,100,18.01,overcast clouds
124,Thompson,CA,55.7435,-97.8558,-5.64,71,100,5.75,overcast clouds
125,Tocopilla,CL,-22.092,-70.1979,73.36,66,90,8.7,overcast clouds
126,Marzuq,YE,14.4,46.4667,59.99,44,2,3.62,clear sky
127,Porto Novo,BJ,6.4965,2.6036,84.02,74,9,9.26,clear sky
128,Tan An,VN,10.5333,106.4167,78.82,80,16,7.65,few clouds
129,Meadow Lake,US,34.8014,-106.5436,57.97,22,0,5.82,clear sky
130,Zile,TR,40.3031,35.8864,33.12,98,100,3.4,overcast clouds
131,Whithorn,JM,18.2604,-78.0378,81.66,51,29,3.71,scattered clouds
132,Nome,US,64.5011,-165.4064,-12.84,76,0,0.0,clear sky
133,Terrace Bay,CA,48.7834,-87.1,6.42,75,25,4.43,scattered clouds
134,Bodden Town,KY,19.2833,-81.25,84.99,69,75,5.01,broken clouds
135,Samarai,PG,-10.6167,150.6667,80.15,75,32,5.86,scattered clouds
136,Kudahuvadhoo,MV,2.6708,72.8944,81.55,78,100,10.83,overcast clouds
137,Cherskiy,RU,68.75,161.3,-21.01,97,100,7.94,overcast clouds
138,Timra,SE,62.487,17.3257,31.68,100,12,2.3,few clouds
139,Barrow,US,71.2906,-156.7887,-29.18,100,0,8.05,clear sky
140,Totness,SR,5.8833,-56.3167,80.28,74,61,11.68,broken clouds
141,Cayenne,GF,4.9333,-52.3333,82.44,85,75,16.11,broken clouds
142,San Cristobal,VE,7.7669,-72.225,80.78,36,97,4.59,overcast clouds
143,Tessalit,ML,20.1986,1.0114,68.41,16,19,11.39,few clouds
144,Baghdad,IQ,33.3406,44.4009,51.71,43,0,8.05,clear sky
145,Torbay,CA,47.6666,-52.7314,40.39,65,75,24.16,broken clouds
146,Evensk,RU,61.95,159.2333,-5.31,73,30,9.13,scattered clouds
147,Dalvik,IS,65.9702,-18.5286,-2.27,46,87,9.31,overcast clouds
148,Sola,VU,-13.8833,167.55,82.11,77,100,18.77,overcast clouds
149,Ust-Ishim,RU,57.6935,71.1665,0.9,99,99,3.15,overcast clouds
150,Shypyntsi,UA,48.3768,25.7466,29.66,68,0,4.9,clear sky
151,Dwarka,IN,22.2394,68.9678,70.09,60,0,9.75,clear sky
152,Porto Santo,PT,33.072,-16.3415,60.71,67,20,12.66,few clouds
153,Macas,EC,-2.3167,-78.1167,80.35,61,75,6.91,broken clouds
154,Mar Del Plata,AR,-38.0023,-57.5575,71.62,60,0,11.5,clear sky
155,Ribeira Grande,PT,38.5167,-28.7,57.6,67,40,8.05,scattered clouds
156,Sinazongwe,ZM,-17.2614,27.4618,76.71,73,32,5.73,scattered clouds
157,Aksu,CN,41.1231,80.2644,29.03,40,8,4.32,clear sky
158,Betera,ES,39.5833,-0.45,57.81,77,0,5.75,clear sky
159,Clovis,US,36.8252,-119.7029,83.46,31,40,3.44,scattered clouds
160,Matagami,CA,49.7502,-77.6328,-2.09,55,0,0.0,clear sky
161,Victoria,HK,22.2855,114.1577,61.25,86,100,8.01,overcast clouds
162,Hay River,CA,60.8156,-115.7999,-11.22,70,75,2.3,broken clouds
163,Aquiraz,BR,-3.9014,-38.3911,84.29,75,19,9.71,few clouds
164,Tigil,RU,57.8,158.6667,-10.34,98,100,3.11,overcast clouds
165,Willmar,US,45.1219,-95.0433,6.75,66,75,11.5,broken clouds
166,Ostrovnoy,RU,68.0531,39.5131,15.66,66,100,17.31,overcast clouds
167,Samarinda,ID,-0.5,117.15,72.27,96,100,0.43,overcast clouds
168,Saurimo,AO,-9.6608,20.3916,65.25,96,100,3.85,overcast clouds
169,Nyimba,ZM,-14.5566,30.8149,67.91,96,100,2.82,light rain
170,Amarante Do Maranhao,BR,-5.5667,-46.7422,75.56,93,99,2.66,moderate rain
171,Clarksburg,US,39.2807,-80.3445,31.89,60,100,8.05,overcast clouds
172,Amapa,BR,1.0,-52.0,79.14,93,100,3.51,heavy intensity rain
173,Kodinsk,RU,58.6881,99.1844,-20.25,100,60,2.91,broken clouds
174,Henties Bay,NA,-22.116,14.2845,73.85,84,36,5.61,moderate rain
175,Katobu,ID,-4.9408,122.5276,73.78,95,83,3.96,broken clouds
176,Bria,CF,6.5423,21.9863,79.47,21,16,3.29,few clouds
177,Asau,RO,46.4333,26.4,29.95,84,100,3.71,overcast clouds
178,Tabou,CI,4.423,-7.3528,78.48,84,47,7.58,scattered clouds
179,Isangel,VU,-19.55,169.2667,80.71,94,40,2.3,volcanic ash
180,Georgetown,MY,5.4112,100.3354,79.9,90,40,3.44,scattered clouds
181,Port Hawkesbury,CA,45.6169,-61.3485,27.99,81,100,10.36,overcast clouds
182,Talara,PE,-4.5772,-81.2719,86.76,48,0,12.66,clear sky
183,Codrington,AU,-38.2667,141.9667,59.86,89,61,6.78,broken clouds
184,Constitucion,CL,-35.3333,-72.4167,67.98,70,53,9.31,broken clouds
185,Lompoc,US,34.6391,-120.4579,85.1,31,0,6.91,clear sky
186,Praia Da Vitoria,PT,38.7333,-27.0667,57.76,77,75,7.07,broken clouds
187,Volodarka,UA,49.5248,29.9122,31.26,69,6,9.15,clear sky
188,Lagoa,PT,39.05,-27.9833,56.43,61,92,5.41,overcast clouds
189,Conceicao Do Araguaia,BR,-8.2578,-49.2647,81.16,72,98,4.85,overcast clouds
190,Santa Cruz De La Palma,ES,28.6835,-17.7642,65.14,63,20,6.91,few clouds
191,Portland,US,45.5234,-122.6762,62.28,45,20,5.75,few clouds
192,Hofn,IS,64.2539,-15.2082,21.42,59,16,10.71,few clouds
193,Hare Bay,CA,48.8499,-54.0148,33.4,63,95,10.94,overcast clouds
194,San Patricio,US,28.017,-97.5169,65.16,22,0,6.93,clear sky
195,New Norfolk,AU,-42.7826,147.0587,60.3,73,90,0.98,overcast clouds
196,Chokurdakh,RU,70.6333,147.9167,-4.25,96,100,10.49,overcast clouds
197,Fairbanks,US,64.8378,-147.7164,14.81,81,100,0.0,light snow
198,Zwedru,LR,6.0667,-8.1281,75.58,80,91,3.11,overcast clouds
199,Rundu,NA,-17.9333,19.7667,68.47,82,41,5.39,light rain
200,Sidhi,IN,24.4167,81.8833,54.54,46,0,2.84,clear sky
201,Arraial Do Cabo,BR,-22.9661,-42.0278,80.56,78,40,14.97,scattered clouds
202,Iqaluit,CA,63.7506,-68.5145,-16.31,68,75,0.0,broken clouds
203,Hambantota,LK,6.1241,81.1185,75.99,81,100,11.3,overcast clouds
204,Saint-Francois,FR,46.4154,3.9054,48.67,65,0,19.57,clear sky
205,Carnarvon,AU,-24.8667,113.6333,75.27,88,3,3.44,clear sky
206,Tartus,SY,34.889,35.8866,52.41,75,0,1.3,clear sky
207,Kavieng,PG,-2.5744,150.7967,80.74,78,96,6.8,overcast clouds
208,Grindavik,IS,63.8424,-22.4338,28.87,86,75,8.05,broken clouds
209,Geraldton,AU,-28.7667,114.6,73.81,83,100,0.0,overcast clouds
210,Auki,SB,-8.7676,160.7034,77.22,87,100,4.79,overcast clouds
211,Gazanjyk,TM,39.2446,55.5154,43.2,57,100,14.5,overcast clouds
212,Baruun-Urt,MN,46.6806,113.2792,-17.46,99,72,2.33,broken clouds
213,Pangnirtung,CA,66.1451,-65.7125,-25.6,75,20,0.0,few clouds
214,Praya,CV,14.9215,-23.5087,73.94,73,0,17.27,clear sky
215,Kenora,CA,49.8167,-94.4337,-3.03,54,100,10.36,overcast clouds
216,Ligayan,PH,4.6533,119.4706,81.88,76,99,12.55,overcast clouds
217,Golkoy,TR,40.6875,37.6178,35.01,98,100,1.99,overcast clouds
218,Labrea,BR,-7.2586,-64.7981,76.03,94,100,2.08,moderate rain
219,Raga,SS,8.4596,25.678,75.51,13,28,4.43,scattered clouds
220,Ukiah,US,39.1502,-123.2078,76.37,39,0,0.0,clear sky
221,Marsh Harbour,BS,26.5412,-77.0636,75.51,80,100,19.28,heavy intensity rain
222,The Valley,AI,18.217,-63.0578,78.94,73,40,17.27,scattered clouds
223,Trincomalee,LK,8.5711,81.2335,79.72,72,92,14.9,overcast clouds
224,Latung,PH,5.5,120.8833,81.82,75,100,9.04,overcast clouds
225,San Mateo Ixtatan,GT,15.8319,-91.4781,62.15,92,99,4.83,overcast clouds
226,Turinskaya Sloboda,RU,57.6232,64.3858,6.78,97,93,4.63,overcast clouds
227,Lusambo,CD,-4.9667,23.45,72.07,90,100,0.56,overcast clouds
228,Sinop,TR,41.7711,34.8709,33.48,94,100,4.83,overcast clouds
229,Norman Wells,CA,65.282,-126.8329,-11.16,64,75,9.22,broken clouds
230,Bengkulu,ID,-3.8004,102.2655,76.21,89,100,3.96,overcast clouds
231,Husavik,IS,66.0449,-17.3389,-2.29,80,71,14.05,broken clouds
232,Mengcheng,CN,33.2579,116.5655,39.45,86,9,5.79,clear sky
233,Sibu,MY,2.3,111.8167,75.51,94,40,0.0,scattered clouds
234,Atbasar,KZ,51.8,68.3333,4.12,97,100,5.46,overcast clouds
235,Magaramkent,RU,41.6159,48.348,31.37,87,97,2.84,overcast clouds
236,Eirunepe,BR,-6.6603,-69.8736,74.86,97,100,2.82,overcast clouds
237,Kenai,US,60.5544,-151.2583,30.09,96,100,0.0,overcast clouds
238,Pacific Grove,US,36.6177,-121.9166,80.8,47,0,4.61,clear sky
239,Butaritari,KI,3.0707,172.7902,81.77,75,52,12.62,broken clouds
240,Urumqi,CN,43.801,87.6005,11.35,79,0,2.24,clear sky
241,Narsaq,GL,60.9167,-46.05,26.82,90,100,7.0,overcast clouds
242,Najran,SA,17.4924,44.1277,56.05,40,17,3.58,few clouds
243,Binzhou,CN,37.3667,118.0167,28.74,92,100,7.47,overcast clouds
244,Bad Liebenwerda,DE,51.5167,13.4,44.38,76,8,9.55,clear sky
245,Galveston,US,29.3669,-94.9669,61.21,28,0,10.36,clear sky
246,Shirgaon,IN,19.7,72.7,70.83,62,0,3.29,clear sky
247,Ambilobe,MG,-13.2,49.05,73.31,94,82,2.13,light rain
248,Touros,BR,-5.1989,-35.4608,85.1,71,10,12.5,clear sky
249,College,US,64.8569,-147.8028,14.79,81,100,0.0,mist
250,Prado,BR,-17.3411,-39.2208,79.05,78,66,10.89,broken clouds
251,Waipawa,NZ,-41.4122,175.5153,54.45,82,100,12.17,overcast clouds
252,Tarecuato,MX,19.85,-102.4833,70.05,27,73,3.56,broken clouds
253,Rawson,AR,-43.3002,-65.1023,89.74,21,0,19.89,clear sky
254,Bushehr,IR,28.9684,50.8385,62.69,72,0,6.91,clear sky
255,Lashio,MM,22.9333,97.75,47.03,50,0,1.86,clear sky
256,Chachapoyas,PE,-6.2317,-77.869,63.0,81,99,2.8,moderate rain
257,Miguel Alves,BR,-4.1656,-42.8953,88.52,56,48,3.04,scattered clouds
258,Clinton,US,42.587,-82.9199,22.28,80,100,0.0,mist
259,Coihaique,CL,-45.5752,-72.0662,81.21,34,0,6.91,clear sky
260,Khash,IR,28.2211,61.2158,46.13,68,60,4.92,broken clouds
261,Sayat,TM,38.7839,63.8803,33.67,44,8,6.13,clear sky
262,Assiniboia,CA,49.6334,-105.9845,37.22,60,14,24.16,few clouds
263,Sao Filipe,CV,14.8961,-24.4956,75.6,59,52,11.52,broken clouds
264,Gurupi,BR,-11.7292,-49.0686,77.61,88,99,3.74,overcast clouds
265,Goba,ET,7.0167,39.9833,52.27,46,55,3.89,broken clouds
266,Charters Towers,AU,-20.1,146.2667,68.85,82,1,7.16,clear sky
267,Namatanai,PG,-3.6667,152.4333,78.69,80,100,4.14,overcast clouds
268,Roros,NO,62.5747,11.3842,28.24,74,40,3.44,scattered clouds
269,Qaqortoq,GL,60.7167,-46.0333,27.1,88,100,8.23,overcast clouds
270,Lubango,AO,-14.9172,13.4925,59.29,75,57,3.8,broken clouds
271,Florianopolis,BR,-27.6146,-48.5012,80.69,54,40,8.05,scattered clouds
272,Aberdeen,GB,57.1437,-2.0981,41.76,95,100,6.91,moderate rain
273,Marawi,PH,7.9986,124.2928,63.64,91,100,2.95,overcast clouds
274,Tiksi,RU,71.6872,128.8694,-12.95,93,11,11.83,few clouds
275,Changping,CN,40.2186,116.2197,20.84,64,1,8.14,clear sky
276,Asfi,MA,32.2994,-9.2372,59.14,81,5,12.12,clear sky
277,Guerrero Negro,MX,27.9769,-114.0611,80.01,21,15,4.81,few clouds
278,Nova Olimpia,BR,-14.7972,-57.2881,75.9,96,100,2.53,light rain
279,Oxford,GB,51.7522,-1.256,50.76,96,100,16.11,overcast clouds
280,Kaoma,ZM,-14.7833,24.8,65.14,91,15,4.14,few clouds
281,Daru,PG,-9.0763,143.2092,78.89,80,51,9.51,broken clouds
282,Faya,SA,18.3851,42.4509,55.92,41,69,3.98,broken clouds
283,Maues,BR,-3.3836,-57.7186,81.01,87,81,3.06,broken clouds
284,Nizwa,OM,22.9333,57.5333,64.13,61,0,3.6,clear sky
285,Rio Gallegos,AR,-51.6226,-69.2181,59.05,20,20,49.48,few clouds
286,Airai,TL,-8.9266,125.4092,58.48,90,37,1.92,scattered clouds
287,Baryatino,RU,54.3121,34.521,23.76,87,97,11.86,overcast clouds
288,Lamu,KE,-2.2717,40.902,79.02,86,66,12.82,broken clouds
289,Abu Samrah,SY,35.3029,37.1841,50.67,59,0,5.93,clear sky
290,Phalaborwa,ZA,-23.943,31.1411,76.28,47,0,2.75,clear sky
291,Dingle,PH,10.9995,122.6711,74.28,93,91,6.38,overcast clouds
292,Letnyaya Stavka,RU,45.4306,43.4472,31.91,64,0,1.34,clear sky
293,Los Llanos De Aridane,ES,28.6585,-17.9182,61.12,66,20,7.0,few clouds
294,Liverpool,GB,53.4106,-2.9779,47.68,89,40,10.36,scattered clouds
295,Uvira,CD,-3.4067,29.1458,73.74,83,98,2.77,overcast clouds
296,Paamiut,GL,61.994,-49.6678,12.7,95,100,19.13,light snow
297,Genhe,CN,50.7833,121.5167,-17.54,100,84,2.17,broken clouds
298,Patti,IN,31.2808,74.8572,55.35,81,61,4.76,broken clouds
299,Awbari,LY,26.5921,12.7805,56.43,24,0,9.69,clear sky
300,Doctor Arroyo,MX,23.6667,-100.1833,54.37,61,100,7.05,overcast clouds
301,Bubaque,GW,11.2833,-15.8333,78.37,69,5,13.94,clear sky
302,Leningradskiy,RU,69.3833,178.4167,-16.15,93,97,5.91,overcast clouds
303,Parauna,BR,-16.9478,-50.4486,77.43,79,58,7.83,broken clouds
304,General Bravo,MX,25.8,-99.1667,59.36,26,74,6.29,broken clouds
305,Guangshui,CN,31.6199,113.9978,38.84,85,35,2.68,scattered clouds
306,Beringovskiy,RU,63.05,179.3167,-27.72,97,14,6.89,few clouds
307,Nanortalik,GL,60.1432,-45.2371,29.03,80,100,9.42,overcast clouds
308,Wuda,CN,39.4994,106.7117,13.42,73,100,3.18,overcast clouds
309,Muisne,EC,0.6,-80.0333,82.51,81,100,6.08,light rain
310,Bushenyi,UG,-0.5853,30.2114,67.23,59,99,0.94,overcast clouds
311,Sitka,US,57.0531,-135.33,37.29,75,100,0.0,light rain
312,Quelimane,MZ,-17.8786,36.8883,76.95,94,75,3.44,broken clouds
313,Iskateley,RU,67.6803,53.1512,-0.09,98,60,8.14,broken clouds
314,Carman,CA,49.4992,-98.0016,2.32,84,100,21.85,overcast clouds
315,Finschhafen,PG,-6.6024,147.8681,78.57,83,97,7.25,overcast clouds
316,Chuy,UY,-33.6971,-53.4616,72.5,40,1,13.87,clear sky
317,Saint-Georges,GD,12.0564,-61.7485,79.54,67,33,14.65,scattered clouds
318,Luza,RU,60.6308,47.2512,-1.57,100,86,3.71,overcast clouds
319,San Policarpo,PH,12.1791,125.5072,78.64,80,99,12.57,overcast clouds
320,Sao Luiz Gonzaga,BR,-28.4083,-54.9608,90.27,18,5,11.72,clear sky
321,North Myrtle Beach,US,33.816,-78.68,58.01,71,20,8.05,few clouds
322,Koygorodok,RU,60.445,50.9968,-0.35,100,100,2.51,overcast clouds
323,Lgov,RU,51.6307,35.2775,22.95,91,32,7.16,scattered clouds
324,Ballina,AU,-28.8667,153.5667,64.78,98,84,7.9,broken clouds
325,Port Lincoln,AU,-34.7333,135.8667,65.95,85,92,9.98,overcast clouds
326,Otane,NZ,-39.8833,176.6333,58.01,79,85,8.95,overcast clouds
327,Visnes,NO,59.3556,5.2242,43.57,93,100,8.05,light rain
328,Saint Anthony,US,45.0205,-93.218,9.79,52,0,11.5,clear sky
329,Barcelos,PT,41.5388,-8.6151,50.92,87,30,9.35,light rain
330,Souillac,MU,-20.5167,57.5167,81.36,89,40,8.05,light rain
331,Pasni,PK,25.2631,63.471,70.75,70,56,9.08,broken clouds
332,Itoman,JP,26.1247,127.6694,64.42,94,75,24.16,light rain
333,Paka,MY,4.6374,103.4368,76.93,94,31,1.14,scattered clouds
334,Sulangan,PH,11.1373,123.7228,79.11,82,100,10.58,overcast clouds
335,Kungurtug,RU,50.5994,97.5228,-20.87,97,100,1.81,overcast clouds
336,Along,IN,28.1667,94.7667,44.15,63,0,2.01,clear sky
337,Vilhena,BR,-12.7406,-60.1458,73.62,88,75,5.75,moderate rain
338,Mount Isa,AU,-20.7333,139.5,73.17,94,33,0.0,scattered clouds
339,Hopkinsville,US,36.8656,-87.4886,38.88,49,0,3.0,clear sky
340,Dieppe,FR,49.75,1.1667,52.32,77,100,10.0,overcast clouds
341,Yar-Sale,RU,66.8333,70.8333,-12.03,94,100,9.08,overcast clouds
342,Baculin,PH,7.4525,126.5842,76.01,84,94,4.21,overcast clouds
343,Kieta,PG,-6.2167,155.6333,78.82,83,90,0.87,overcast clouds
344,Schroeder,BR,-26.4125,-49.0731,89.92,48,18,5.23,few clouds
345,Comodoro Rivadavia,AR,-45.8667,-67.5,78.66,38,40,21.85,scattered clouds
346,Noumea,NC,-22.2763,166.4572,80.58,99,100,4.94,overcast clouds
347,Ugep,NG,5.8086,8.0812,84.11,23,22,2.39,few clouds
348,Bambous Virieux,MU,-20.3428,57.7575,81.21,89,40,8.05,scattered clouds
349,Naryan-Mar,RU,67.6713,53.087,-0.04,98,61,8.14,broken clouds
350,Modasa,IN,23.4667,73.3,65.19,25,0,3.38,clear sky
351,Moussoro,TD,13.6408,16.4901,77.14,10,3,11.61,clear sky
352,Severo-Kurilsk,RU,50.6789,156.125,21.92,70,36,10.22,scattered clouds
353,Homer,US,59.6425,-151.5483,34.77,94,100,3.44,mist
354,Buala,SB,-8.145,159.5921,79.0,83,99,6.31,light rain
355,Abnub,EG,27.2696,31.1511,59.22,44,0,9.6,clear sky
356,Obo,CF,5.3998,26.4869,85.95,21,100,6.17,overcast clouds
357,Bermejo,AR,-32.8833,-68.8,85.91,25,20,10.36,few clouds
358,Damascus,SY,33.5102,36.2913,47.34,51,0,1.81,clear sky
359,Salinas,US,36.6777,-121.6555,81.19,30,0,9.22,clear sky
360,Wamba,NG,8.9333,8.6,79.74,14,9,3.09,clear sky
361,Sasvad,IN,18.3333,74.0333,66.42,53,5,5.64,clear sky
362,Hokitika,NZ,-42.7167,170.9667,55.36,61,13,4.45,few clouds
363,Tura,IN,25.5198,90.2201,54.39,70,0,4.59,clear sky
364,Katsuura,JP,35.1333,140.3,38.1,97,100,30.96,light rain
365,Vestmannaeyjar,IS,63.4427,-20.2734,33.6,74,98,28.48,overcast clouds
366,Mount Gambier,AU,-37.8333,140.7667,60.71,88,100,10.36,overcast clouds
367,Taguatinga,BR,-12.3857,-46.5711,78.78,79,63,3.33,light rain
368,Merauke,ID,-8.4667,140.3333,78.28,82,24,9.01,few clouds
369,Fort Nelson,CA,58.8053,-122.7002,2.79,72,75,3.44,broken clouds
370,Axim,GH,4.8699,-2.2405,79.39,86,7,7.96,clear sky
371,Jalu,LY,29.0331,21.5482,56.95,48,81,7.45,broken clouds
372,Necochea,AR,-38.5473,-58.7368,69.94,36,1,7.11,clear sky
373,Caravelas,BR,-17.7125,-39.2481,79.74,76,90,9.73,overcast clouds
374,Hualmay,PE,-11.0964,-77.6139,76.51,69,12,12.48,few clouds
375,Pipar,IN,26.3856,73.5378,62.08,30,0,7.67,clear sky
376,Atar,MR,20.5169,-13.0499,71.78,17,100,9.06,overcast clouds
377,Chapais,CA,49.7834,-74.8492,-6.02,78,100,2.77,overcast clouds
378,Ostersund,SE,63.1792,14.6357,37.85,81,100,10.36,overcast clouds
379,Pisco,PE,-13.7,-76.2167,78.85,53,0,16.11,clear sky
380,Ramnagar,IN,29.4,79.1167,52.45,73,0,3.94,clear sky
381,Maltahohe,NA,-24.8333,16.9833,71.85,64,100,10.56,light rain
382,Viloco,BO,-16.95,-67.55,49.1,77,100,4.88,overcast clouds
383,Dubbo,AU,-32.25,148.6167,60.93,82,100,11.5,overcast clouds
384,Roald,NO,62.5833,6.1333,39.9,100,75,2.3,light rain
385,Fortuna,US,40.5982,-124.1573,48.54,54,84,3.83,broken clouds
386,Kahului,US,20.8947,-156.47,77.97,73,40,12.66,scattered clouds
387,Garmsar,IR,35.2182,52.3409,47.01,49,0,7.23,clear sky
388,Barberton,ZA,-25.7884,31.0532,64.94,65,1,0.76,clear sky
389,Prince George,CA,53.9166,-122.753,39.29,62,0,5.75,clear sky
390,Georgiyevka,KZ,43.0369,74.7114,26.64,93,100,2.24,overcast clouds
391,Ponta Do Sol,PT,32.6667,-17.1,63.72,71,96,2.33,overcast clouds
392,Nicoya,CR,10.1483,-85.452,85.55,39,20,12.48,few clouds
393,Ahipara,NZ,-35.1667,173.1667,64.69,68,78,9.46,broken clouds
394,Flinders,AU,-34.5833,150.8552,63.05,89,100,4.0,overcast clouds
395,Korla,CN,41.7597,86.1469,29.28,46,0,4.54,clear sky
396,Pailon,BO,-17.65,-62.75,86.9,45,76,6.67,broken clouds
397,Tongchuan,CN,35.0806,109.0897,32.32,75,6,6.4,clear sky
398,Dali,CN,25.7,100.1833,39.69,60,0,3.58,clear sky
399,Canatlan,MX,24.5167,-104.7833,59.65,23,99,8.63,overcast clouds
400,Vallenar,CL,-28.5708,-70.7581,84.87,25,0,10.65,clear sky
401,Bougouni,ML,11.417,-7.479,79.83,12,1,5.61,clear sky
402,Lorengau,PG,-2.0226,147.2712,80.33,79,100,1.54,overcast clouds
403,Leeton,AU,-34.5667,146.4,69.71,63,57,5.75,broken clouds
404,Eyl,SO,7.9803,49.8164,75.07,70,88,19.24,overcast clouds
405,Salalah,OM,17.0151,54.0924,77.09,25,0,4.61,clear sky
406,Kindu,CD,-2.95,25.95,70.63,98,100,2.71,overcast clouds
407,Fort Myers Beach,US,26.452,-81.9481,76.05,71,0,14.97,clear sky
408,Amurzet,RU,47.6967,131.0981,-11.29,98,70,4.25,broken clouds
409,Mahenge,TZ,-8.6833,36.7167,64.62,94,100,2.24,moderate rain
410,Fomboni,KM,-12.28,43.7425,82.06,76,6,4.34,clear sky
411,Bathsheba,BB,13.2167,-59.5167,84.81,61,75,17.27,broken clouds
412,Lavrentiya,RU,65.5833,-171.0,-22.0,93,25,2.86,scattered clouds
413,Northam,GB,51.0333,-4.2167,48.02,94,100,21.56,overcast clouds
414,Turayf,SA,31.6725,38.6637,50.25,43,0,3.44,clear sky
415,Darhan,MN,49.4867,105.9228,-12.6,98,100,2.64,overcast clouds
416,Santa Catalina,PH,9.3337,122.8637,76.62,86,100,5.84,overcast clouds
417,Aloleng,PH,16.1307,119.7824,77.72,79,100,8.01,overcast clouds
418,Padang,ID,-0.9492,100.3543,76.5,84,100,4.0,overcast clouds
419,Bajil,YE,15.0584,43.2851,76.5,79,45,2.86,scattered clouds
420,Prattville,US,32.464,-86.4597,51.31,20,0,14.97,clear sky
421,Shihezi,CN,44.3,86.0333,12.45,94,100,2.37,overcast clouds
422,La Romana,DO,18.4273,-68.9728,86.36,58,20,11.5,few clouds
423,San Quintin,MX,30.4833,-115.95,76.03,20,9,7.52,clear sky
424,San Jeronimo,PE,-11.9472,-75.2829,55.96,71,100,4.65,overcast clouds
425,Makurdi,NG,7.7411,8.5121,86.31,11,99,2.1,overcast clouds
426,Batticaloa,LK,7.7102,81.6924,77.49,80,97,8.88,overcast clouds
427,Tumut,AU,-35.3,148.2167,63.59,62,71,2.53,broken clouds
428,Palmer,US,42.1584,-72.3287,31.62,66,100,5.75,overcast clouds
429,Kyzyl-Suu,KG,42.3414,78.0056,22.62,64,96,10.58,overcast clouds
430,Hobyo,SO,5.3505,48.5268,77.16,74,79,16.06,broken clouds
431,Hermosillo,MX,29.0667,-110.9667,89.69,9,20,16.11,few clouds
432,Frontera,MX,26.9333,-101.45,62.33,27,99,1.01,overcast clouds
433,Yerbogachen,RU,61.2767,108.0108,-29.34,100,92,3.49,overcast clouds
434,Gallup,US,35.5281,-108.7426,57.96,13,0,1.99,clear sky
435,Cooma,AU,-36.2333,149.1333,49.77,100,100,4.61,overcast clouds
436,Khasan,RU,42.4308,130.6434,18.54,62,100,7.49,overcast clouds
437,Vila Velha,BR,-20.3297,-40.2925,82.35,85,75,13.8,broken clouds
438,Burgeo,CA,47.6167,-57.6152,27.28,65,99,19.46,overcast clouds
439,Mansa,IN,29.9833,75.3833,51.17,73,0,6.58,clear sky
440,Murupara,NZ,-38.4667,176.7,61.56,63,6,3.94,clear sky
441,Japura,ID,-0.3167,102.35,73.38,97,100,0.38,overcast clouds
442,Manono,CD,-7.3,27.4167,69.71,95,100,3.13,overcast clouds
443,Natal,BR,-5.795,-35.2094,84.85,74,20,17.27,few clouds
444,Tela,HN,15.7833,-87.45,84.34,89,75,6.91,broken clouds
445,Provideniya,RU,64.3833,-173.3,-14.48,95,19,3.15,few clouds
446,Porto Nacional,BR,-10.7081,-48.4172,86.0,82,49,1.41,scattered clouds
447,Tautira,PF,-17.7333,-149.15,86.02,76,91,16.15,light rain
448,Mbandaka,CD,0.0487,18.2603,73.35,86,100,3.56,overcast clouds
449,Arman,RU,59.7,150.1667,-10.86,80,9,9.42,clear sky
450,Metro,ID,-5.1131,105.3067,75.16,90,100,2.33,overcast clouds
451,Champerico,GT,14.3,-91.9167,95.54,56,2,9.53,clear sky
452,Nongan,CN,44.382,125.1685,3.61,86,100,10.89,overcast clouds
453,Wanning,CN,18.8003,110.3967,69.31,91,100,11.88,overcast clouds
454,Erdenet,MN,49.0333,104.0833,-14.12,99,100,0.94,overcast clouds
455,Whitehorse,CA,60.7161,-135.0538,23.09,76,75,3.44,broken clouds
456,Leshukonskoye,RU,64.8989,45.7622,4.17,99,92,4.09,overcast clouds
457,Rocha,UY,-34.4833,-54.3333,68.22,50,3,15.26,clear sky
458,Ust-Koksa,RU,50.2696,85.6108,6.28,93,100,1.45,overcast clouds
459,Rock Springs,US,41.5875,-109.2029,47.64,19,0,23.02,clear sky
460,Luwuk,ID,-0.9516,122.7875,76.62,85,100,3.0,overcast clouds
461,Andenes,NO,69.3143,16.1194,30.18,93,75,35.68,broken clouds
462,Beloha,MG,-25.1667,45.05,75.83,87,29,14.72,scattered clouds
463,Aksarka,RU,66.5606,67.7975,-13.05,100,100,2.68,overcast clouds
464,Florida,US,28.7505,-82.5001,73.08,71,0,12.66,clear sky
465,Koungheul,SN,13.9833,-14.8,81.18,11,80,7.85,broken clouds
466,Zaysan,KZ,47.4667,84.8667,12.38,84,100,2.3,overcast clouds
467,Amuntai,ID,-2.4177,115.2494,73.45,86,98,1.59,overcast clouds
468,Teguldet,RU,57.3064,88.1667,-0.08,92,64,9.78,broken clouds
469,Golden,US,39.7555,-105.2211,55.78,24,20,19.57,few clouds
470,Port-Cartier,CA,50.0334,-66.8654,5.76,66,62,6.17,broken clouds
471,Turgutlu,TR,38.4953,27.6997,48.47,91,22,2.64,few clouds
472,Tongliao,CN,43.6125,122.2653,3.2,93,100,10.87,overcast clouds
473,Khani,GE,41.9563,42.9566,31.57,87,71,5.77,broken clouds
474,Bousso,TD,10.4795,16.7117,81.43,12,7,7.78,clear sky
475,Hindaun,IN,26.7167,77.0167,57.83,43,0,4.97,clear sky
476,Tual,ID,-5.6667,132.75,80.96,77,100,8.77,overcast clouds
477,Sahuaripa,MX,29.05,-109.2333,79.16,13,30,6.13,scattered clouds
478,Nemuro,JP,43.3236,145.575,26.74,85,99,9.75,overcast clouds
479,Aracati,BR,-4.5617,-37.7697,83.41,68,80,12.28,broken clouds
480,Karratha,AU,-20.7377,116.8463,84.02,63,84,7.49,broken clouds
481,Topolobampo,MX,25.6,-109.05,84.11,18,75,5.75,broken clouds
482,Naldurg,IN,17.8167,76.3,72.28,28,0,5.75,clear sky
483,Kulhudhuffushi,MV,6.6221,73.07,79.81,80,100,10.22,overcast clouds
484,Raudeberg,NO,61.9875,5.1352,39.87,94,100,3.0,moderate rain
485,Tukrah,LY,32.5341,20.5791,53.91,76,0,2.48,clear sky
486,Ridgecrest,US,35.6225,-117.6709,72.39,12,0,3.0,clear sky
487,Meulaboh,ID,4.1363,96.1285,76.33,90,88,4.85,overcast clouds
488,Menongue,AO,-14.6585,17.691,63.99,93,97,2.89,light rain
489,Ankang,CN,32.68,109.0172,44.46,65,13,2.1,few clouds
490,San Francisco,US,37.7749,-122.4194,76.53,52,3,5.99,clear sky
491,Vao,NC,-22.6667,167.4833,79.57,85,100,7.85,overcast clouds
492,Kaihua,CN,23.3687,104.28,49.35,88,96,2.71,overcast clouds
493,Kasongo-Lunda,CD,-6.4667,16.8167,71.33,94,100,0.67,light rain
494,Stromness,GB,58.965,-3.296,39.16,87,100,7.54,overcast clouds
495,Polson,US,47.6936,-114.1632,44.49,68,62,1.12,broken clouds
496,Paldiski,EE,59.3567,24.0531,35.91,93,100,16.11,overcast clouds
497,Cangucu,BR,-31.395,-52.6756,76.21,19,0,11.99,clear sky
498,Verkhnevilyuysk,RU,63.4453,120.3167,-22.04,100,100,2.04,overcast clouds
499,Shimoda,JP,34.6667,138.95,36.1,91,100,23.87,moderate rain
500,Skibbereen,IE,51.55,-9.2667,40.8,78,7,8.93,clear sky
501,Betsiamites,CA,48.9413,-68.646,4.89,72,32,6.24,scattered clouds
502,Nanyuki,KE,0.0167,37.0728,57.42,74,100,3.98,overcast clouds
503,Benguela,AO,-12.5763,13.4055,77.04,81,80,3.56,broken clouds
504,Vanimo,PG,-2.6741,141.3028,77.4,89,99,5.57,overcast clouds
505,Kristiansand,NO,58.1467,7.9956,42.85,95,75,19.57,broken clouds
506,Westport,US,41.1415,-73.3579,31.98,74,100,9.22,light snow
507,Hovd,MN,48.0056,91.6419,-13.27,81,15,3.09,few clouds
508,Sabha,LY,27.0377,14.4283,57.06,24,0,8.81,clear sky
509,Shetpe,KZ,44.1667,52.1167,29.1,82,11,13.62,few clouds
510,Fort Collins,US,40.5853,-105.0844,56.62,33,0,7.0,clear sky
511,Katangli,RU,51.7102,143.2326,-12.69,97,17,6.76,few clouds
512,Sur,OM,22.5667,59.5289,71.98,68,0,4.0,clear sky
513,Garissa,KE,-0.4536,39.6401,84.81,37,42,11.05,scattered clouds
514,Beian,NO,63.6559,9.5683,36.55,87,75,8.05,broken clouds
515,Canico,PT,32.6333,-16.85,63.72,74,40,13.8,scattered clouds
516,Bereda,ES,43.2686,-7.5406,47.91,100,95,7.7,overcast clouds
517,Tomatlan,MX,19.9333,-105.25,94.39,23,100,9.86,overcast clouds
518,Corrales,US,35.2378,-106.6067,59.54,19,0,4.61,clear sky
519,Brownsville,US,25.9018,-97.4975,62.89,34,0,10.36,clear sky
520,Ocala,US,29.1872,-82.1401,73.02,64,20,12.66,few clouds
521,Peniche,PT,39.3558,-9.3811,56.68,94,10,17.54,clear sky
522,Grand Gaube,MU,-20.0064,57.6608,81.37,79,89,7.0,overcast clouds
523,Sobolevo,RU,54.4299,31.8996,23.65,84,56,13.38,broken clouds
524,Simao,CN,22.7886,100.9748,46.58,48,0,1.81,clear sky
525,Pochutla,MX,15.7432,-96.4661,91.22,44,100,9.93,overcast clouds
526,Kananga,CD,-5.8958,22.4178,68.85,96,100,4.25,overcast clouds
527,Stovring,DK,56.8854,9.8384,38.41,93,100,14.92,overcast clouds
528,Kununurra,AU,-15.7667,128.7333,80.58,74,75,11.5,broken clouds
529,Pompeu,BR,-19.2244,-44.9353,75.83,78,64,2.44,broken clouds
530,Sao Joao Da Barra,BR,-21.6403,-41.0511,80.69,85,11,12.86,few clouds
531,Creel,MX,27.75,-107.6333,56.59,15,99,12.28,overcast clouds
532,Mitu,CO,1.1983,-70.1733,80.8,88,99,2.91,moderate rain
533,Presque Isle,US,46.6811,-68.0159,9.5,49,0,9.22,clear sky
534,Kundiawa,PG,-6.0167,144.9667,63.14,98,100,0.54,overcast clouds
535,Isny,DE,47.7,10.0333,35.1,73,1,1.01,clear sky
536,Espanola,US,35.9911,-106.0806,55.27,23,0,1.01,clear sky
537,Palana,RU,59.1167,159.9667,-8.19,95,85,6.96,overcast clouds
538,Tambovka,RU,50.0969,128.0489,-3.89,98,100,5.77,overcast clouds
539,Kargasok,RU,59.0556,80.8572,5.61,94,100,14.2,light snow
540,Zemio,CF,5.0314,25.1361,79.5,25,100,3.91,overcast clouds
541,Oktyabrskiy,RU,54.4815,53.471,15.69,96,99,4.81,overcast clouds
542,Shenkursk,RU,62.1091,42.896,7.12,98,100,5.79,overcast clouds
543,George Town,MY,5.4112,100.3354,79.9,90,40,3.44,scattered clouds
544,Shumskiy,RU,54.8318,99.1328,-23.35,99,61,3.13,broken clouds
545,Harper,LR,4.375,-7.7169,78.49,83,54,7.63,broken clouds
546,Saint-Pierre,RE,-21.3393,55.4781,80.28,78,0,16.11,clear sky
547,Sistranda,NO,63.7256,8.834,35.56,73,100,25.21,light rain
548,Hami,CN,42.8,93.45,26.29,51,73,5.59,broken clouds
549,Honiara,SB,-9.4333,159.95,78.57,85,90,4.61,overcast clouds
550,San Luis,AR,-33.295,-66.3356,81.54,30,0,11.88,clear sky
551,Coahuayana,MX,18.7333,-103.6833,96.28,31,95,8.52,overcast clouds
552,Taybad,IR,34.74,60.7756,40.73,69,5,6.33,clear sky
553,Port Hedland,AU,-20.3167,118.5667,84.25,74,4,10.36,clear sky
554,Crixas,BR,-14.5489,-49.9692,76.95,81,69,6.46,broken clouds
555,Hamilton,US,39.1834,-84.5333,30.99,54,75,6.91,broken clouds
556,Mumford,GH,5.2618,-0.759,79.25,84,59,7.78,light rain
557,San Andres,CO,12.5847,-81.7006,86.02,66,40,13.8,scattered clouds
558,Iberia,US,29.9502,-91.7507,55.4,21,0,17.27,clear sky
559,Tulsipur,NP,28.131,82.2973,51.3,85,0,3.76,clear sky
560,Saint-Paul,RE,-21.0096,55.2707,80.71,81,1,1.21,clear sky
561,Nishihara,JP,26.1842,127.7558,63.68,94,75,24.16,broken clouds
562,Pasewalk,DE,53.5063,13.99,40.41,77,100,12.08,overcast clouds
563,Gushikawa,JP,26.3544,127.8686,63.63,94,40,12.66,light rain
564,Basco,PH,20.4487,121.9702,77.02,82,98,11.83,overcast clouds
565,Nhulunbuy,AU,-12.2333,136.7667,77.61,88,6,4.61,clear sky
566,Ahuimanu,US,21.4447,-157.8378,78.51,67,20,12.66,few clouds
567,Goroka,PG,-6.0834,145.3873,61.56,98,100,0.94,overcast clouds
568,Greenville,US,35.6127,-77.3663,48.36,62,100,10.36,overcast clouds
569,Alta Floresta,BR,-9.8756,-56.0861,84.02,70,75,5.75,broken clouds
570,Abalak,RU,58.1286,68.5944,-6.27,100,100,3.11,overcast clouds
571,Pueblo,US,38.2545,-104.6091,61.56,43,11,5.48,few clouds
572,Qui Nhon,VN,13.7667,109.2333,73.99,91,92,7.92,overcast clouds
573,Port Keats,AU,-14.25,129.55,74.59,86,100,6.44,overcast clouds
574,Zadar,HR,44.1197,15.2422,41.65,87,0,3.44,clear sky
575,Worland,US,44.0169,-107.9554,51.15,39,0,3.44,clear sky
576,Egvekinot,RU,66.3167,-179.1667,-19.95,92,90,7.23,overcast clouds
577,Tateyama,JP,34.9833,139.8667,38.01,98,100,28.59,overcast clouds
578,Mahdasht,IR,35.7299,50.8111,41.22,75,0,21.85,clear sky
579,Ivybridge,GB,50.3904,-3.9191,48.56,95,100,18.7,overcast clouds
580,Quatre Cocos,MU,-20.2078,57.7625,81.09,83,76,14.34,broken clouds
581,Sosnovo-Ozerskoye,RU,52.5249,111.5418,-25.96,100,97,4.43,overcast clouds
582,Azul,AR,-36.777,-59.8585,79.34,26,0,11.52,clear sky
583,Riberalta,BO,-10.9833,-66.1,86.2,66,75,9.22,broken clouds
584,Ternate,ID,0.8,127.4,79.57,77,100,2.01,overcast clouds
585,Kurumkan,RU,54.3,110.3,-18.36,92,50,3.89,scattered clouds
586,Olinda,BR,-8.0089,-34.8553,83.93,70,75,8.05,broken clouds
587,Harnosand,SE,62.6323,17.9379,32.0,86,77,11.77,broken clouds
588,Hervey Bay,AU,-25.2986,152.8535,68.11,78,13,18.39,few clouds
589,Armidale,AU,-30.5167,151.65,46.81,95,7,5.1,clear sky
590,Kashary,RU,49.04,41.0056,20.32,95,6,6.64,clear sky
591,Talipparamba,IN,12.05,75.35,72.05,81,5,3.04,clear sky
592,Kaifeng,CN,34.7911,114.3483,32.86,90,5,1.48,clear sky
593,Aanekoski,FI,62.6946,25.818,33.87,98,100,12.15,light snow
594,Athabasca,CA,54.7169,-113.2854,28.22,75,78,10.69,broken clouds
595,Camapua,BR,-19.5314,-54.0439,90.46,41,92,4.14,overcast clouds
596,Takoradi,GH,4.8845,-1.7554,79.52,84,24,8.37,light rain
597,Lasa,IT,46.6166,10.7002,29.66,63,1,2.06,clear sky
598,Grand Baie,MU,-20.0182,57.5802,81.45,79,88,7.0,overcast clouds
599,Sessa Aurunca,IT,41.2408,13.9328,50.58,85,100,1.97,overcast clouds
600,Burnie,AU,-41.0667,145.9167,58.95,94,57,4.63,broken clouds
601,Chilpancingo,MX,17.55,-99.5,80.82,32,76,5.14,broken clouds
602,Naantali,FI,60.4674,22.0243,37.11,93,100,14.97,drizzle
603,Miri,MY,4.4148,114.0089,77.14,94,40,0.0,scattered clouds
604,Marquette,US,46.5333,-87.6335,14.83,55,100,4.7,light snow
605,San Juan,AR,-31.5375,-68.5364,86.5,22,0,4.79,clear sky
606,Jieshi,CN,22.8134,115.8257,56.95,86,100,6.15,light rain
607,Banepa,NP,27.6298,85.5214,44.92,93,20,0.0,mist
608,Portugalete,ES,43.321,-3.0206,59.14,53,0,13.8,clear sky
609,Angoche,MZ,-16.2325,39.9086,79.11,82,13,1.97,few clouds
610,Kazachinskoye,RU,57.6953,93.2761,-5.19,95,44,7.94,scattered clouds
611,Manaure,CO,11.7751,-72.4445,93.31,42,13,21.88,few clouds
612,Andra,RU,62.5147,65.8878,-10.86,100,99,1.99,overcast clouds
613,Bhuban,IN,20.8833,85.8333,61.09,47,9,1.25,clear sky
614,Tema,GH,5.667,-0.0166,83.1,70,88,11.3,overcast clouds
615,Tezu,IN,27.9167,96.1667,53.58,45,0,5.03,clear sky
616,Taltal,CL,-25.4,-70.4833,71.46,68,14,7.52,few clouds
617,Suntar,RU,62.1444,117.6319,-15.88,100,100,1.1,overcast clouds
618,Labuhan,ID,-6.8844,112.2051,75.9,91,100,4.05,overcast clouds
619,Sakaiminato,JP,35.55,133.2333,46.38,57,75,20.71,broken clouds
620,Trondheim,NO,63.4305,10.3951,36.55,91,96,1.01,light snow
621,Boa Vista,BR,2.8197,-60.6733,91.38,40,40,16.11,scattered clouds
622,Cabedelo,BR,-6.9811,-34.8339,84.87,71,10,11.39,clear sky
623,Pundaguitan,PH,6.3711,126.1689,79.88,75,81,11.25,broken clouds
624,Bedford,GB,52.1346,-0.4663,50.05,95,100,23.94,overcast clouds
625,Cessnock,AU,-32.8333,151.35,66.09,93,44,1.45,scattered clouds
626,Billings,US,45.7833,-108.5007,56.52,27,75,10.36,broken clouds
627,Vyazma,RU,55.2104,34.2951,23.14,85,95,14.27,overcast clouds
628,Bossangoa,CF,6.4926,17.4552,80.33,17,100,3.09,overcast clouds
629,Innisfail,AU,-17.5333,146.0333,75.49,80,63,8.75,broken clouds
630,Balaipungut,ID,1.05,101.2833,73.29,97,93,1.05,overcast clouds
631,Mastic Beach,US,40.7668,-72.8521,32.2,85,100,11.01,light snow
632,Hvide Sande,DK,56.0045,8.1294,41.29,77,100,28.92,overcast clouds
633,Strezhevoy,RU,60.7333,77.5889,-5.03,97,97,8.68,overcast clouds
634,Tsogni,GA,-2.7942,10.0988,77.09,86,98,3.67,light rain
635,Belaya Gora,RU,68.5333,146.4167,-20.2,96,89,5.44,overcast clouds
636,Zdvinsk,RU,54.7021,78.661,24.98,95,100,15.12,light snow
637,Concordia,AR,-31.393,-58.0209,77.07,36,0,9.22,clear sky
638,Bonthe,SL,7.5264,-12.505,78.82,84,29,8.32,scattered clouds
639,Ariquemes,BR,-9.9133,-63.0408,74.68,92,100,2.57,overcast clouds
640,Mpika,ZM,-11.8343,31.4529,61.81,98,100,0.2,overcast clouds
641,Villa Del Rosario,CO,7.8339,-72.4742,86.38,55,40,9.22,scattered clouds
642,Lagos,NG,6.5833,3.75,84.52,77,44,8.01,scattered clouds
643,Llanes,ES,43.4198,-4.7549,55.27,81,100,14.56,light rain
644,Quibdo,CO,5.6947,-76.6611,80.94,83,75,6.91,broken clouds
645,Huarmey,PE,-10.0681,-78.1522,77.31,69,5,12.41,clear sky
646,Diego De Almagro,CL,-26.3667,-70.05,82.15,16,8,13.78,clear sky
647,Kapit,MY,2.0167,112.9333,73.8,96,96,0.83,overcast clouds
648,Zelenogradsk,RU,54.9589,20.4767,35.65,72,0,8.95,clear sky
649,Gidole,ET,5.65,37.3667,67.17,33,100,1.14,overcast clouds
650,Camacha,PT,33.0833,-16.3333,57.96,67,20,12.66,few clouds
651,Alice Springs,AU,-23.7,133.8833,58.55,77,0,5.75,clear sky
652,Puerto Escondido,MX,15.85,-97.0667,83.23,74,75,0.0,broken clouds
653,Coromandel,BR,-18.4733,-47.2003,72.39,88,86,5.41,overcast clouds
654,Polunochnoye,RU,60.8697,60.4153,3.33,98,99,1.66,overcast clouds
655,Plouzane,FR,48.3833,-4.6167,48.38,93,100,10.36,overcast clouds
656,Araouane,ML,18.9048,-3.5265,66.45,17,48,10.76,scattered clouds
657,Pierre,US,44.3683,-100.351,36.86,47,0,17.27,clear sky
658,Paita,PE,-5.0892,-81.1144,86.56,66,5,16.84,clear sky
659,Aykhal,RU,66.0,111.5,-8.77,50,15,0.96,few clouds
660,Balkhash,KZ,46.844,74.9804,15.64,97,100,5.39,overcast clouds
661,Karasuk,RU,53.7377,78.0403,12.83,93,100,14.14,overcast clouds
662,Pulaski,US,34.7668,-92.3001,58.66,25,0,13.8,clear sky
663,Becerril,CO,9.7041,-73.2793,101.32,25,52,2.89,broken clouds
664,Trelew,AR,-43.249,-65.3051,98.04,10,0,12.84,clear sky
665,Antigonish,CA,45.6169,-61.9986,27.12,78,100,8.01,overcast clouds
666,Eureka,US,40.8021,-124.1637,48.81,65,82,5.01,broken clouds
667,Dhidhdhoo,MV,6.8833,73.1,78.55,83,100,9.15,overcast clouds
668,Ongole,IN,15.5,80.05,73.53,82,33,6.82,scattered clouds
669,Kuching,MY,1.55,110.3333,75.42,94,40,3.0,scattered clouds
670,Dalianwan,CN,39.0286,121.695,23.04,93,100,8.95,mist
671,Alamogordo,US,32.8995,-105.9603,64.56,34,0,4.61,clear sky
672,Kozhva,RU,65.1073,57.0459,8.64,96,99,5.97,overcast clouds
673,Rio Pomba,BR,-21.2747,-43.1792,84.74,79,25,1.12,scattered clouds
674,Kiraoli,IN,27.15,77.7833,54.28,54,0,4.36,clear sky
675,Cap Malheureux,MU,-19.9842,57.6142,81.46,79,90,7.0,overcast clouds
676,Litovko,RU,49.2361,135.1742,11.23,97,100,2.73,light snow
677,Pozo Colorado,PY,-23.4923,-58.7972,96.1,27,83,6.76,broken clouds
678,Gari,RU,59.4307,62.3497,4.33,97,96,4.18,overcast clouds
679,Kaiyuan,CN,23.6977,103.3037,47.37,93,34,2.46,scattered clouds
680,Mamaku,NZ,-38.1,176.0833,60.58,64,2,3.33,clear sky
681,Totma,RU,59.9747,42.7642,11.79,98,100,5.48,overcast clouds
682,Matay,EG,28.419,30.7792,57.94,62,3,17.18,clear sky
683,Brae,GB,60.3964,-1.353,39.11,88,100,11.25,overcast clouds
684,Washougal,US,45.5826,-122.3534,64.15,43,0,16.11,clear sky
685,Cruzeiro Do Sul,BR,-29.5128,-51.9853,76.48,80,85,2.3,overcast clouds
686,Richards Bay,ZA,-28.783,32.0377,75.78,91,44,4.5,scattered clouds
687,Mayo,US,38.8876,-76.5119,35.44,77,100,10.36,light rain
688,Grootfontein,NA,-19.5667,18.1167,67.23,82,83,6.2,light rain
689,Udachnyy,RU,66.4167,112.4,-21.95,94,63,1.79,broken clouds
690,Astoria,US,46.1879,-123.8313,58.08,69,0,5.75,clear sky
691,Dudinka,RU,69.4058,86.1778,-14.91,88,13,6.93,few clouds
692,Vangaindrano,MG,-23.35,47.6,74.05,91,1,2.01,clear sky
693,Tarko-Sale,RU,64.9225,77.785,-7.83,96,11,11.45,few clouds
694,Kaman,IN,27.65,77.2667,53.65,59,0,2.98,clear sky
695,Eravur,LK,7.7733,81.6095,76.53,82,93,6.49,overcast clouds
